Workbook

Sheet Data
B2: Ticker | C2: TSLA | F2: E(r) | G2: =AVERAGE(D5:D66) -> #DIV/0!
B3: =STOCKHISTORY1($C$2, TODAY() - 91, TODAY()-) | D3: Returns | F3: σ | G3: =_xlfn.STDEV.S(D5:D66) -> #DIV/0!
D4: -- | F4: σ annualized | G4: =G3*SQRT(252) -> #DIV/0!
D5: =C5/C4-1 -> #DIV/0! | F5: σ^2 | G5: =G3^2 -> #DIV/0!
D6: =C6/C5-1 -> #DIV/0!
D7: =C7/C6-1 -> #DIV/0!
D8: =C8/C7-1 -> #DIV/0!
D9: =C9/C8-1 -> #DIV/0!
D10: =C10/C9-1 -> #DIV/0!
D11: =C11/C10-1 -> #DIV/0!
D12: =C12/C11-1 -> #DIV/0!
D13: =C13/C12-1 -> #DIV/0!
D14: =C14/C13-1 -> #DIV/0!
D15: =C15/C14-1 -> #DIV/0!
D16: =C16/C15-1 -> #DIV/0!
D17: =C17/C16-1 -> #DIV/0!
... D66: =C66/C65-1 -> #DIV/0!

Sheet N-Step Model
B1: Variables | C1: Inputs
B2: Ticker | C2: =Data!C2 -> TSLA | H2: Choose
B3: S_0 | C3: =Data!C66 -> 0 | F3: Type of Option | H3: American Put
B4: X | C4: 395
B5: σ | C5: =Data!G4 -> #DIV/0!
B6: T | C6: 0.25
B7: N | C7: 10
B8: Dt | C8: =C6/C7 -> 0.025
B9: rF | C9: 0.0404
B10: U | C10: =EXP(C5*SQRT(C8)) -> #DIV/0!
B11: D | C11: =1/C10 -> #DIV/0! | F11: Discounted | H11: =EXP(-$C$9*$C$8) -> 0.99899051
B12: P | C12: =(((1+C9)^C8) - C11) / (C10 - C11) -> #DIV/0! | F12: Compounded | H12: =EXP($C$9*$C$8) -> 1.0010105
B16: t
B17: 0 | C17: 1 | D17: 2 | E17: 3 | F17: 4 | G17: 5 | H17: 6 | I17: 7 | J17: 8 | K17: 9 | L17: 10
L20: =IF(K$17<$C$7, K21*$C$10, 0) -> #DIV/0!
K21: =IF(J$17<$C$7, J22*$C$10, 0) -> #DIV/0! | L21: {=_xlfn.IFS($H$3="European Call", L48, $H$3="European Put", L75, $H$3="American Call", L102, $H$3="American Put", L129)} -> #DIV/0!
J22: =IF(I$17<$C$7, I23*$C$10, 0) -> #DIV/0! | K22: {=_xlfn.IFS($H$3="European Call", K49, $H$3="European Put", K76, $H$3="American Call", K103, $H$3="American Put", K130)} -> #DIV/0! | L22: =IF(K$17<$C$7, K23*$C$10, 0) -> #DIV/0!
B23: Stock Price | I23: =IF(H$17<$C$7, H24*$C$10, 0) -> #DIV/0! | J23: {=_xlfn.IFS($H$3="European Call", J50, $H$3="European Put", J77, $H$3="American Call", J104, $H$3="American Put", J131)} -> #DIV/0! | K23: =IF(J$17<$C$7, J24*$C$10, 0) -> #DIV/0! | L23: {=_xlfn.IFS($H$3="European Call", L50, $H$3="European Put", L77, $H$3="American Call", L104, $H$3="American Put", L131)} -> #DIV/0!
B24: Option Price | H24: =IF(G$17<$C$7, G25*$C$10, 0) -> #DIV/0! | I24: {=_xlfn.IFS($H$3="European Call", I51, $H$3="European Put", I78, $H$3="American Call", I105, $H$3="American Put", I132)} -> #DIV/0! | J24: =IF(I$17<$C$7, I25*$C$10, 0) -> #DIV/0! | K24: {=_xlfn.IFS($H$3="European Call", K51, $H$3="European Put", K78, $H$3="American Call", K105, $H$3="American Put", K132)} -> #DIV/0! | L24: =IF(K$17<$C$7, K23*$C$11, 0) -> #DIV/0!
G25: =IF(F$17<$C$7, F26*$C$10, 0) -> #DIV/0! | H25: {=_xlfn.IFS($H$3="European Call", H52, $H$3="European Put", H79, $H$3="American Call", H106, $H$3="American Put", H133)} -> #DIV/0! | I25: =IF(H$17<$C$7, H26*$C$10, 0) -> #DIV/0! | J25: {=_xlfn.IFS($H$3="European Call", J52, $H$3="European Put", J79, $H$3="American Call", J106, $H$3="American Put", J133)} -> #DIV/0! | K25: =IF(J$17<$C$7, J24*$C$11, 0) -> #DIV/0! | L25: {=_xlfn.IFS($H$3="European Call", L52, $H$3="European Put", L79, $H$3="American Call", L106, $H$3="American Put", L133)} -> #DIV/0!
F26: =IF(E$17<$C$7, E27*$C$10, 0) -> #DIV/0! | G26: {=_xlfn.IFS($H$3="European Call", G53, $H$3="European Put", G80, $H$3="American Call", G107, $H$3="American Put", G134)} -> #DIV/0! | H26: =IF(G$17<$C$7, G27*$C$10, 0) -> #DIV/0! | I26: {=_xlfn.IFS($H$3="European Call", I53, $H$3="European Put", I80, $H$3="American Call", I107, $H$3="American Put", I134)} -> #DIV/0! | J26: =IF(I$17<$C$7, I25*$C$11, 0) -> #DIV/0! | K26: {=_xlfn.IFS($H$3="European Call", K53, $H$3="European Put", K80, $H$3="American Call", K107, $H$3="American Put", K134)} -> #DIV/0! | L26: =IF(K$17<$C$7, K25*$C$11, 0) -> #DIV/0!
E27: =IF(D$17<$C$7, D28*$C$10, 0) -> #DIV/0! | F27: {=_xlfn.IFS($H$3="European Call", F54, $H$3="European Put", F81, $H$3="American Call", F108, $H$3="American Put", F135)} -> #DIV/0! | G27: =IF(F$17<$C$7, F28*$C$10, 0) -> #DIV/0! | H27: {=_xlfn.IFS($H$3="European Call", H54, $H$3="European Put", H81, $H$3="American Call", H108, $H$3="American Put", H135)} -> #DIV/0! | I27: =IF(H$17<$C$7, H26*$C$11, 0) -> #DIV/0! | J27: {=_xlfn.IFS($H$3="European Call", J54, $H$3="European Put", J81, $H$3="American Call", J108, $H$3="American Put", J135)} -> #DIV/0! | K27: =IF(J$17<$C$7, J26*$C$11, 0) -> #DIV/0! | L27: {=_xlfn.IFS($H$3="European Call", L54, $H$3="European Put", L81, $H$3="American Call", L108, $H$3="American Put", L135)} -> #DIV/0!
D28: =IF(C$17<$C$7, C29*$C$10, 0) -> #DIV/0! | E28: {=_xlfn.IFS($H$3="European Call", E55, $H$3="European Put", E82, $H$3="American Call", E109, $H$3="American Put", E136)} -> #DIV/0! | F28: =IF(E$17<$C$7, E29*$C$10, 0) -> #DIV/0! | G28: {=_xlfn.IFS($H$3="European Call", G55, $H$3="European Put", G82, $H$3="American Call", G109, $H$3="American Put", G136)} -> #DIV/0! | H28: =IF(G$17<$C$7, G27*$C$11, 0) -> #DIV/0! | I28: {=_xlfn.IFS($H$3="European Call", I55, $H$3="European Put", I82, $H$3="American Call", I109, $H$3="American Put", I136)} -> #DIV/0! | J28: =IF(I$17<$C$7, I27*$C$11, 0) -> #DIV/0! | K28: {=_xlfn.IFS($H$3="European Call", K55, $H$3="European Put", K82, $H$3="American Call", K109, $H$3="American Put", K136)} -> #DIV/0! | L28: =IF(K$17<$C$7, K27*$C$11, 0) -> #DIV/0!
C29: =IF(B$17<$C$7, B30*$C$10, 0) -> #DIV/0! | D29: {=_xlfn.IFS($H$3="European Call", D56, $H$3="European Put", D83, $H$3="American Call", D110, $H$3="American Put", D137)} -> #DIV/0! | E29: =IF(D$17<$C$7, D30*$C$10, 0) -> #DIV/0! | F29: {=_xlfn.IFS($H$3="European Call", F56, $H$3="European Put", F83, $H$3="American Call", F110, $H$3="American Put", F137)} -> #DIV/0! | G29: =IF(F$17<$C$7, F28*$C$11, 0) -> #DIV/0! | H29: {=_xlfn.IFS($H$3="European Call", H56, $H$3="European Put", H83, $H$3="American Call", H110, $H$3="American Put", H137)} -> #DIV/0! | I29: =IF(H$17<$C$7, H28*$C$11, 0) -> #DIV/0! | J29: {=_xlfn.IFS($H$3="European Call", J56, $H$3="European Put", J83, $H$3="American Call", J110, $H$3="American Put", J137)} -> #DIV/0! | K29: =IF(J$17<$C$7, J28*$C$11, 0) -> #DIV/0! | L29: {=_xlfn.IFS($H$3="European Call", L56, $H$3="European Put", L83, $H$3="American Call", L110, $H$3="American Put", L137)} -> #DIV/0!
B30: =C3 -> 0 | C30: {=_xlfn.IFS($H$3="European Call", C57, $H$3="European Put", C84, $H$3="American Call", C111, $H$3="American Put", C138)} -> #DIV/0! | D30: =IF(C$17<$C$7, C29*$C$11, 0) -> #DIV/0! | E30: {=_xlfn.IFS($H$3="European Call", E57, $H$3="European Put", E84, $H$3="American Call", E111, $H$3="American Put", E138)} -> #DIV/0! | F30: =IF(E$17<$C$7, E29*$C$11, 0) -> #DIV/0! | G30: {=_xlfn.IFS($H$3="European Call", G57, $H$3="European Put", G84, $H$3="American Call", G111, $H$3="American Put", G138)} -> #DIV/0! | H30: =IF(G$17<$C$7, G29*$C$11, 0) -> #DIV/0! | I30: {=_xlfn.IFS($H$3="European Call", I57, $H$3="European Put", I84, $H$3="American Call", I111, $H$3="American Put", I138)} -> #DIV/0! | J30: =IF(I$17<$C$7, I29*$C$11, 0) -> #DIV/0! | K30: {=_xlfn.IFS($H$3="European Call", K57, $H$3="European Put", K84, $H$3="American Call", K111, $H$3="American Put", K138)} -> #DIV/0! | L30: =IF(K$17<$C$7, K29*$C$11, 0) -> #DIV/0!
B31: {=_xlfn.IFS($H$3="European Call", B58, $H$3="European Put", B85, $H$3="American Call", B112, $H$3="American Put", B139)} -> 0 | C31: =IF(B$17<$C$7, B30*$C$11, 0) -> #DIV/0! | D31: {=_xlfn.IFS($H$3="European Call", D58, $H$3="European Put", D85, $H$3="American Call", D112, $H$3="American Put", D139)} -> #DIV/0! | E31: =IF(D$17<$C$7, D30*$C$11, 0) -> #DIV/0! | F31: {=_xlfn.IFS($H$3="European Call", F58, $H$3="European Put", F85, $H$3="American Call", F112, $H$3="American Put", F139)} -> #DIV/0! | G31: =IF(F$17<$C$7, F30*$C$11, 0) -> #DIV/0! | H31: {=_xlfn.IFS($H$3="European Call", H58, $H$3="European Put", H85, $H$3="American Call", H112, $H$3="American Put", H139)} -> #DIV/0! | I31: =IF(H$17<$C$7, H30*$C$11, 0) -> #DIV/0! | J31: {=_xlfn.IFS($H$3="European Call", J58, $H$3="European Put", J85, $H$3="American Call", J112, $H$3="American Put", J139)} -> #DIV/0! | K31: =IF(J$17<$C$7, J30*$C$11, 0) -> #DIV/0! | L31: {=_xlfn.IFS($H$3="European Call", L58, $H$3="European Put", L85, $H$3="American Call", L112, $H$3="American Put", L139)} -> #DIV/0!
C32: {=_xlfn.IFS($H$3="European Call", C59, $H$3="European Put", C86, $H$3="American Call", C113, $H$3="American Put", C140)} -> #DIV/0! | D32: =IF(C$17<$C$7, C31*$C$11, 0) -> #DIV/0! | E32: {=_xlfn.IFS($H$3="European Call", E59, $H$3="European Put", E86, $H$3="American Call", E113, $H$3="American Put", E140)} -> #DIV/0! | F32: =IF(E$17<$C$7, E31*$C$11, 0) -> #DIV/0! | G32: {=_xlfn.IFS($H$3="European Call", G59, $H$3="European Put", G86, $H$3="American Call", G113, $H$3="American Put", G140)} -> #DIV/0! | H32: =IF(G$17<$C$7, G31*$C$11, 0) -> #DIV/0! | I32: {=_xlfn.IFS($H$3="European Call", I59, $H$3="European Put", I86, $H$3="American Call", I113, $H$3="American Put", I140)} -> #DIV/0! | J32: =IF(I$17<$C$7, I31*$C$11, 0) -> #DIV/0! | K32: {=_xlfn.IFS($H$3="European Call", K59, $H$3="European Put", K86, $H$3="American Call", K113, $H$3="American Put", K140)} -> #DIV/0! | L32: =IF(K$17<$C$7, K31*$C$11, 0) -> #DIV/0!
D33: {=_xlfn.IFS($H$3="European Call", D60, $H$3="European Put", D87, $H$3="American Call", D114, $H$3="American Put", D141)} -> #DIV/0! | E33: =IF(D$17<$C$7, D32*$C$11, 0) -> #DIV/0! | F33: {=_xlfn.IFS($H$3="European Call", F60, $H$3="European Put", F87, $H$3="American Call", F114, $H$3="American Put", F141)} -> #DIV/0! | G33: =IF(F$17<$C$7, F32*$C$11, 0) -> #DIV/0! | H33: {=_xlfn.IFS($H$3="European Call", H60, $H$3="European Put", H87, $H$3="American Call", H114, $H$3="American Put", H141)} -> #DIV/0! | I33: =IF(H$17<$C$7, H32*$C$11, 0) -> #DIV/0! | J33: {=_xlfn.IFS($H$3="European Call", J60, $H$3="European Put", J87, $H$3="American Call", J114, $H$3="American Put", J141)} -> #DIV/0! | K33: =IF(J$17<$C$7, J32*$C$11, 0) -> #DIV/0! | L33: {=_xlfn.IFS($H$3="European Call", L60, $H$3="European Put", L87, $H$3="American Call", L114, $H$3="American Put", L141)} -> #DIV/0!
E34: {=_xlfn.IFS($H$3="European Call", E61, $H$3="European Put", E88, $H$3="American Call", E115, $H$3="American Put", E142)} -> #DIV/0! | F34: =IF(E$17<$C$7, E33*$C$11, 0) -> #DIV/0! | G34: {=_xlfn.IFS($H$3="European Call", G61, $H$3="European Put", G88, $H$3="American Call", G115, $H$3="American Put", G142)} -> #DIV/0! | H34: =IF(G$17<$C$7, G33*$C$11, 0) -> #DIV/0! | I34: {=_xlfn.IFS($H$3="European Call", I61, $H$3="European Put", I88, $H$3="American Call", I115, $H$3="American Put", I142)} -> #DIV/0! | J34: =IF(I$17<$C$7, I33*$C$11, 0) -> #DIV/0! | K34: {=_xlfn.IFS($H$3="European Call", K61, $H$3="European Put", K88, $H$3="American Call", K115, $H$3="American Put", K142)} -> #DIV/0! | L34: =IF(K$17<$C$7, K33*$C$11, 0) -> #DIV/0!
F35: {=_xlfn.IFS($H$3="European Call", F62, $H$3="European Put", F89, $H$3="American Call", F116, $H$3="American Put", F143)} -> #DIV/0! | G35: =IF(F$17<$C$7, F34*$C$11, 0) -> #DIV/0! | H35: {=_xlfn.IFS($H$3="European Call", H62, $H$3="European Put", H89, $H$3="American Call", H116, $H$3="American Put", H143)} -> #DIV/0! | I35: =IF(H$17<$C$7, H34*$C$11, 0) -> #DIV/0! | J35: {=_xlfn.IFS($H$3="European Call", J62, $H$3="European Put", J89, $H$3="American Call", J116, $H$3="American Put", J143)} -> #DIV/0! | K35: =IF(J$17<$C$7, J34*$C$11, 0) -> #DIV/0! | L35: {=_xlfn.IFS($H$3="European Call", L62, $H$3="European Put", L89, $H$3="American Call", L116, $H$3="American Put", L143)} -> #DIV/0!
G36: {=_xlfn.IFS($H$3="European Call", G63, $H$3="European Put", G90, $H$3="American Call", G117, $H$3="American Put", G144)} -> #DIV/0! | H36: =IF(G$17<$C$7, G35*$C$11, 0) -> #DIV/0! | I36: {=_xlfn.IFS($H$3="European Call", I63, $H$3="European Put", I90, $H$3="American Call", I117, $H$3="American Put", I144)} -> #DIV/0! | J36: =IF(I$17<$C$7, I35*$C$11, 0) -> #DIV/0! | K36: {=_xlfn.IFS($H$3="European Call", K63, $H$3="European Put", K90, $H$3="American Call", K117, $H$3="American Put", K144)} -> #DIV/0! | L36: =IF(K$17<$C$7, K35*$C$11, 0) -> #DIV/0!
H37: {=_xlfn.IFS($H$3="European Call", H64, $H$3="European Put", H91, $H$3="American Call", H118, $H$3="American Put", H145)} -> #DIV/0! | I37: =IF(H$17<$C$7, H36*$C$11, 0) -> #DIV/0! | J37: {=_xlfn.IFS($H$3="European Call", J64, $H$3="European Put", J91, $H$3="American Call", J118, $H$3="American Put", J145)} -> #DIV/0! | K37: =IF(J$17<$C$7, J36*$C$11, 0) -> #DIV/0! | L37: {=_xlfn.IFS($H$3="European Call", L64, $H$3="European Put", L91, $H$3="American Call", L118, $H$3="American Put", L145)} -> #DIV/0!
I38: {=_xlfn.IFS($H$3="European Call", I65, $H$3="European Put", I92, $H$3="American Call", I119, $H$3="American Put", I146)} -> #DIV/0! | J38: =IF(I$17<$C$7, I37*$C$11, 0) -> #DIV/0! | K38: {=_xlfn.IFS($H$3="European Call", K65, $H$3="European Put", K92, $H$3="American Call", K119, $H$3="American Put", K146)} -> #DIV/0! | L38: =IF(K$17<$C$7, K37*$C$11, 0) -> #DIV/0!
J39: {=_xlfn.IFS($H$3="European Call", J66, $H$3="European Put", J93, $H$3="American Call", J120, $H$3="American Put", J147)} -> #DIV/0! | K39: =IF(J$17<$C$7, J38*$C$11, 0) -> #DIV/0! | L39: {=_xlfn.IFS($H$3="European Call", L66, $H$3="European Put", L93, $H$3="American Call", L120, $H$3="American Put", L147)} -> #DIV/0!
K40: {=_xlfn.IFS($H$3="European Call", K67, $H$3="European Put", K94, $H$3="American Call", K121, $H$3="American Put", K148)} -> #DIV/0! | L40: =IF(K$17<$C$7, K39*$C$11, 0) -> #DIV/0!
L41: {=_xlfn.IFS($H$3="European Call", L68, $H$3="European Put", L95, $H$3="American Call", L122, $H$3="American Put", L149)} -> #DIV/0!
B42: European Call Option
B43: t
B44: 0 | C44: 1 | D44: 2 | E44: 3 | F44: 4 | G44: 5 | H44: 6 | I44: 7 | J44: 8 | K44: 9 | L44: 10
L48: =MAX((_xlfn.IFS(L$44>$C$7, 0, L$44<$C$7, $H$11*($C$12*M47+(1-$C$12)*M49), L$44=$C$7, MAX(0, L20-$C$4)))) -> #DIV/0!
K49: =MAX((_xlfn.IFS(K$44>$C$7, 0, K$44<$C$7, $H$11*($C$12*L48+(1-$C$12)*L50), K$44=$C$7, MAX(0, K21-$C$4)))) -> #DIV/0!
J50: =MAX((_xlfn.IFS(J$44>$C$7, 0, J$44<$C$7, $H$11*($C$12*K49+(1-$C$12)*K51), J$44=$C$7, MAX(0, J22-$C$4)))) -> #DIV/0! | L50: =MAX((_xlfn.IFS(L$44>$C$7, 0, L$44<$C$7, $H$11*($C$12*M49+(1-$C$12)*M51), L$44=$C$7, MAX(0, L22-$C$4)))) -> #DIV/0!
I51: =MAX((_xlfn.IFS(I$44>$C$7, 0, I$44<$C$7, $H$11*($C$12*J50+(1-$C$12)*J52), I$44=$C$7, MAX(0, I23-$C$4)))) -> #DIV/0! | K51: =MAX((_xlfn.IFS(K$44>$C$7, 0, K$44<$C$7, $H$11*($C$12*L50+(1-$C$12)*L52), K$44=$C$7, MAX(0, K23-$C$4)))) -> #DIV/0!
H52: =MAX((_xlfn.IFS(H$44>$C$7, 0, H$44<$C$7, $H$11*($C$12*I51+(1-$C$12)*I53), H$44=$C$7, MAX(0, H24-$C$4)))) -> #DIV/0! | J52: =MAX((_xlfn.IFS(J$44>$C$7, 0, J$44<$C$7, $H$11*($C$12*K51+(1-$C$12)*K53), J$44=$C$7, MAX(0, J24-$C$4)))) -> #DIV/0! | L52: =MAX((_xlfn.IFS(L$44>$C$7, 0, L$44<$C$7, $H$11*($C$12*M51+(1-$C$12)*M53), L$44=$C$7, MAX(0, L24-$C$4)))) -> #DIV/0!
G53: =MAX((_xlfn.IFS(G$44>$C$7, 0, G$44<$C$7, $H$11*($C$12*H52+(1-$C$12)*H54), G$44=$C$7, MAX(0, G25-$C$4)))) -> #DIV/0! | I53: =MAX((_xlfn.IFS(I$44>$C$7, 0, I$44<$C$7, $H$11*($C$12*J52+(1-$C$12)*J54), I$44=$C$7, MAX(0, I25-$C$4)))) -> #DIV/0! | K53: =MAX((_xlfn.IFS(K$44>$C$7, 0, K$44<$C$7, $H$11*($C$12*L52+(1-$C$12)*L54), K$44=$C$7, MAX(0, K25-$C$4)))) -> #DIV/0!
F54: =MAX((_xlfn.IFS(F$44>$C$7, 0, F$44<$C$7, $H$11*($C$12*G53+(1-$C$12)*G55), F$44=$C$7, MAX(0, F26-$C$4)))) -> #DIV/0! | H54: =MAX((_xlfn.IFS(H$44>$C$7, 0, H$44<$C$7, $H$11*($C$12*I53+(1-$C$12)*I55), H$44=$C$7, MAX(0, H26-$C$4)))) -> #DIV/0! | J54: =MAX((_xlfn.IFS(J$44>$C$7, 0, J$44<$C$7, $H$11*($C$12*K53+(1-$C$12)*K55), J$44=$C$7, MAX(0, J26-$C$4)))) -> #DIV/0! | L54: =MAX((_xlfn.IFS(L$44>$C$7, 0, L$44<$C$7, $H$11*($C$12*M53+(1-$C$12)*M55), L$44=$C$7, MAX(0, L26-$C$4)))) -> #DIV/0!
E55: =MAX((_xlfn.IFS(E$44>$C$7, 0, E$44<$C$7, $H$11*($C$12*F54+(1-$C$12)*F56), E$44=$C$7, MAX(0, E27-$C$4)))) -> #DIV/0! | G55: =MAX((_xlfn.IFS(G$44>$C$7, 0, G$44<$C$7, $H$11*($C$12*H54+(1-$C$12)*H56), G$44=$C$7, MAX(0, G27-$C$4)))) -> #DIV/0! | I55: =MAX((_xlfn.IFS(I$44>$C$7, 0, I$44<$C$7, $H$11*($C$12*J54+(1-$C$12)*J56), I$44=$C$7, MAX(0, I27-$C$4)))) -> #DIV/0! | K55: =MAX((_xlfn.IFS(K$44>$C$7, 0, K$44<$C$7, $H$11*($C$12*L54+(1-$C$12)*L56), K$44=$C$7, MAX(0, K27-$C$4)))) -> #DIV/0!
D56: =MAX((_xlfn.IFS(D$44>$C$7, 0, D$44<$C$7, $H$11*($C$12*E55+(1-$C$12)*E57), D$44=$C$7, MAX(0, D28-$C$4)))) -> #DIV/0! | F56: =MAX((_xlfn.IFS(F$44>$C$7, 0, F$44<$C$7, $H$11*($C$12*G55+(1-$C$12)*G57), F$44=$C$7, MAX(0, F28-$C$4)))) -> #DIV/0! | H56: =MAX((_xlfn.IFS(H$44>$C$7, 0, H$44<$C$7, $H$11*($C$12*I55+(1-$C$12)*I57), H$44=$C$7, MAX(0, H28-$C$4)))) -> #DIV/0! | J56: =MAX((_xlfn.IFS(J$44>$C$7, 0, J$44<$C$7, $H$11*($C$12*K55+(1-$C$12)*K57), J$44=$C$7, MAX(0, J28-$C$4)))) -> #DIV/0! | L56: =MAX((_xlfn.IFS(L$44>$C$7, 0, L$44<$C$7, $H$11*($C$12*M55+(1-$C$12)*M57), L$44=$C$7, MAX(0, L28-$C$4)))) -> #DIV/0!
C57: =MAX((_xlfn.IFS(C$44>$C$7, 0, C$44<$C$7, $H$11*($C$12*D56+(1-$C$12)*D58), C$44=$C$7, MAX(0, C29-$C$4)))) -> #DIV/0! | E57: =MAX((_xlfn.IFS(E$44>$C$7, 0, E$44<$C$7, $H$11*($C$12*F56+(1-$C$12)*F58), E$44=$C$7, MAX(0, E29-$C$4)))) -> #DIV/0! | G57: =MAX((_xlfn.IFS(G$44>$C$7, 0, G$44<$C$7, $H$11*($C$12*H56+(1-$C$12)*H58), G$44=$C$7, MAX(0, G29-$C$4)))) -> #DIV/0! | I57: =MAX((_xlfn.IFS(I$44>$C$7, 0, I$44<$C$7, $H$11*($C$12*J56+(1-$C$12)*J58), I$44=$C$7, MAX(0, I29-$C$4)))) -> #DIV/0! | K57: =MAX((_xlfn.IFS(K$44>$C$7, 0, K$44<$C$7, $H$11*($C$12*L56+(1-$C$12)*L58), K$44=$C$7, MAX(0, K29-$C$4)))) -> #DIV/0!
B58: =MAX((_xlfn.IFS(B$44>$C$7, 0, B$44<$C$7, $H$11*($C$12*C57+(1-$C$12)*C59), B$44=$C$7, MAX(0, B30-$C$4)))) -> #DIV/0! | D58: =MAX((_xlfn.IFS(D$44>$C$7, 0, D$44<$C$7, $H$11*($C$12*E57+(1-$C$12)*E59), D$44=$C$7, MAX(0, D30-$C$4)))) -> #DIV/0! | F58: =MAX((_xlfn.IFS(F$44>$C$7, 0, F$44<$C$7, $H$11*($C$12*G57+(1-$C$12)*G59), F$44=$C$7, MAX(0, F30-$C$4)))) -> #DIV/0! | H58: =MAX((_xlfn.IFS(H$44>$C$7, 0, H$44<$C$7, $H$11*($C$12*I57+(1-$C$12)*I59), H$44=$C$7, MAX(0, H30-$C$4)))) -> #DIV/0! | J58: =MAX((_xlfn.IFS(J$44>$C$7, 0, J$44<$C$7, $H$11*($C$12*K57+(1-$C$12)*K59), J$44=$C$7, MAX(0, J30-$C$4)))) -> #DIV/0! | L58: =MAX((_xlfn.IFS(L$44>$C$7, 0, L$44<$C$7, $H$11*($C$12*M57+(1-$C$12)*M59), L$44=$C$7, MAX(0, L30-$C$4)))) -> #DIV/0!
C59: =MAX((_xlfn.IFS(C$44>$C$7, 0, C$44<$C$7, $H$11*($C$12*D58+(1-$C$12)*D60), C$44=$C$7, MAX(0, C31-$C$4)))) -> #DIV/0! | E59: =MAX((_xlfn.IFS(E$44>$C$7, 0, E$44<$C$7, $H$11*($C$12*F58+(1-$C$12)*F60), E$44=$C$7, MAX(0, E31-$C$4)))) -> #DIV/0! | G59: =MAX((_xlfn.IFS(G$44>$C$7, 0, G$44<$C$7, $H$11*($C$12*H58+(1-$C$12)*H60), G$44=$C$7, MAX(0, G31-$C$4)))) -> #DIV/0! | I59: =MAX((_xlfn.IFS(I$44>$C$7, 0, I$44<$C$7, $H$11*($C$12*J58+(1-$C$12)*J60), I$44=$C$7, MAX(0, I31-$C$4)))) -> #DIV/0! | K59: =MAX((_xlfn.IFS(K$44>$C$7, 0, K$44<$C$7, $H$11*($C$12*L58+(1-$C$12)*L60), K$44=$C$7, MAX(0, K31-$C$4)))) -> #DIV/0!
D60: =MAX((_xlfn.IFS(D$44>$C$7, 0, D$44<$C$7, $H$11*($C$12*E59+(1-$C$12)*E61), D$44=$C$7, MAX(0, D32-$C$4)))) -> #DIV/0! | F60: =MAX((_xlfn.IFS(F$44>$C$7, 0, F$44<$C$7, $H$11*($C$12*G59+(1-$C$12)*G61), F$44=$C$7, MAX(0, F32-$C$4)))) -> #DIV/0! | H60: =MAX((_xlfn.IFS(H$44>$C$7, 0, H$44<$C$7, $H$11*($C$12*I59+(1-$C$12)*I61), H$44=$C$7, MAX(0, H32-$C$4)))) -> #DIV/0! | J60: =MAX((_xlfn.IFS(J$44>$C$7, 0, J$44<$C$7, $H$11*($C$12*K59+(1-$C$12)*K61), J$44=$C$7, MAX(0, J32-$C$4)))) -> #DIV/0! | L60: =MAX((_xlfn.IFS(L$44>$C$7, 0, L$44<$C$7, $H$11*($C$12*M59+(1-$C$12)*M61), L$44=$C$7, MAX(0, L32-$C$4)))) -> #DIV/0!
E61: =MAX((_xlfn.IFS(E$44>$C$7, 0, E$44<$C$7, $H$11*($C$12*F60+(1-$C$12)*F62), E$44=$C$7, MAX(0, E33-$C$4)))) -> #DIV/0! | G61: =MAX((_xlfn.IFS(G$44>$C$7, 0, G$44<$C$7, $H$11*($C$12*H60+(1-$C$12)*H62), G$44=$C$7, MAX(0, G33-$C$4)))) -> #DIV/0! | I61: =MAX((_xlfn.IFS(I$44>$C$7, 0, I$44<$C$7, $H$11*($C$12*J60+(1-$C$12)*J62), I$44=$C$7, MAX(0, I33-$C$4)))) -> #DIV/0! | K61: =MAX((_xlfn.IFS(K$44>$C$7, 0, K$44<$C$7, $H$11*($C$12*L60+(1-$C$12)*L62), K$44=$C$7, MAX(0, K33-$C$4)))) -> #DIV/0!
F62: =MAX((_xlfn.IFS(F$44>$C$7, 0, F$44<$C$7, $H$11*($C$12*G61+(1-$C$12)*G63), F$44=$C$7, MAX(0, F34-$C$4)))) -> #DIV/0! | H62: =MAX((_xlfn.IFS(H$44>$C$7, 0, H$44<$C$7, $H$11*($C$12*I61+(1-$C$12)*I63), H$44=$C$7, MAX(0, H34-$C$4)))) -> #DIV/0! | J62: =MAX((_xlfn.IFS(J$44>$C$7, 0, J$44<$C$7, $H$11*($C$12*K61+(1-$C$12)*K63), J$44=$C$7, MAX(0, J34-$C$4)))) -> #DIV/0! | L62: =MAX((_xlfn.IFS(L$44>$C$7, 0, L$44<$C$7, $H$11*($C$12*M61+(1-$C$12)*M63), L$44=$C$7, MAX(0, L34-$C$4)))) -> #DIV/0!
G63: =MAX((_xlfn.IFS(G$44>$C$7, 0, G$44<$C$7, $H$11*($C$12*H62+(1-$C$12)*H64), G$44=$C$7, MAX(0, G35-$C$4)))) -> #DIV/0! | I63: =MAX((_xlfn.IFS(I$44>$C$7, 0, I$44<$C$7, $H$11*($C$12*J62+(1-$C$12)*J64), I$44=$C$7, MAX(0, I35-$C$4)))) -> #DIV/0! | K63: =MAX((_xlfn.IFS(K$44>$C$7, 0, K$44<$C$7, $H$11*($C$12*L62+(1-$C$12)*L64), K$44=$C$7, MAX(0, K35-$C$4)))) -> #DIV/0!
H64: =MAX((_xlfn.IFS(H$44>$C$7, 0, H$44<$C$7, $H$11*($C$12*I63+(1-$C$12)*I65), H$44=$C$7, MAX(0, H36-$C$4)))) -> #DIV/0! | J64: =MAX((_xlfn.IFS(J$44>$C$7, 0, J$44<$C$7, $C$10*($C$12*K63+(1-$C$12)*K65), J$44=$C$7, MAX(0, J36-$C$4)))) -> #DIV/0! | L64: =MAX((_xlfn.IFS(L$44>$C$7, 0, L$44<$C$7, $H$11*($C$12*M63+(1-$C$12)*M65), L$44=$C$7, MAX(0, L36-$C$4)))) -> #DIV/0!
I65: =MAX((_xlfn.IFS(I$44>$C$7, 0, I$44<$C$7, $H$11*($C$12*J64+(1-$C$12)*J66), I$44=$C$7, MAX(0, I37-$C$4)))) -> #DIV/0! | K65: =MAX((_xlfn.IFS(K$44>$C$7, 0, K$44<$C$7, $H$11*($C$12*L64+(1-$C$12)*L66), K$44=$C$7, MAX(0, K37-$C$4)))) -> #DIV/0!
J66: =MAX((_xlfn.IFS(J$44>$C$7, 0, J$44<$C$7, $H$11*($C$12*K65+(1-$C$12)*K67), J$44=$C$7, MAX(0, J38-$C$4)))) -> #DIV/0! | L66: =MAX((_xlfn.IFS(L$44>$C$7, 0, L$44<$C$7, $H$11*($C$12*M65+(1-$C$12)*M67), L$44=$C$7, MAX(0, L38-$C$4)))) -> #DIV/0!
K67: =MAX((_xlfn.IFS(K$44>$C$7, 0, K$44<$C$7, $H$11*($C$12*L66+(1-$C$12)*L68), K$44=$C$7, MAX(0, K39-$C$4)))) -> #DIV/0!
L68: =MAX((_xlfn.IFS(L$44>$C$7, 0, L$44<$C$7, $H$11*($C$12*M67+(1-$C$12)*M69), L$44=$C$7, MAX(0, L40-$C$4)))) -> #DIV/0!
B69: European Put Option
B70: t
B71: 0 | C71: 1 | D71: 2 | E71: 3 | F71: 4 | G71: 5 | H71: 6 | I71: 7 | J71: 8 | K71: 9 | L71: 10
L75: =MAX((_xlfn.IFS(L$71>$C$7, 0, L$71<$C$7, $H$11*($C$12*M74+(1-$C$12)*M76), L$71=$C$7, MAX(0, $C$4-L20)))) -> #DIV/0!
K76: =MAX((_xlfn.IFS(K$71>$C$7, 0, K$71<$C$7, $H$11*($C$12*L75+(1-$C$12)*L77), K$71=$C$7, MAX(0, $C$4-K21)))) -> #DIV/0!
J77: =MAX((_xlfn.IFS(J$71>$C$7, 0, J$71<$C$7, $H$11*($C$12*K76+(1-$C$12)*K78), J$71=$C$7, MAX(0, $C$4-J22)))) -> #DIV/0! | L77: =MAX((_xlfn.IFS(L$71>$C$7, 0, L$71<$C$7, $H$11*($C$12*M76+(1-$C$12)*M78), L$71=$C$7, MAX(0, $C$4-L22)))) -> #DIV/0!
I78: =MAX((_xlfn.IFS(I$71>$C$7, 0, I$71<$C$7, $C$10*($C$12*J77+(1-$C$12)*J79), I$71=$C$7, MAX(0, $C$4-I23)))) -> #DIV/0! | K78: =MAX((_xlfn.IFS(K$71>$C$7, 0, K$71<$C$7, $H$11*($C$12*L77+(1-$C$12)*L79), K$71=$C$7, MAX(0, $C$4-K23)))) -> #DIV/0!
H79: =MAX((_xlfn.IFS(H$71>$C$7, 0, H$71<$C$7, $C$10*($C$12*I78+(1-$C$12)*I80), H$71=$C$7, MAX(0, $C$4-H24)))) -> #DIV/0! | J79: =MAX((_xlfn.IFS(J$71>$C$7, 0, J$71<$C$7, $H$11*($C$12*K78+(1-$C$12)*K80), J$71=$C$7, MAX(0, $C$4-J24)))) -> #DIV/0! | L79: =MAX((_xlfn.IFS(L$71>$C$7, 0, L$71<$C$7, $H$11*($C$12*M78+(1-$C$12)*M80), L$71=$C$7, MAX(0, $C$4-L24)))) -> #DIV/0!
G80: =MAX((_xlfn.IFS(G$71>$C$7, 0, G$71<$C$7, $C$10*($C$12*H79+(1-$C$12)*H81), G$71=$C$7, MAX(0, $C$4-G25)))) -> #DIV/0! | I80: =MAX((_xlfn.IFS(I$71>$C$7, 0, I$71<$C$7, $C$10*($C$12*J79+(1-$C$12)*J81), I$71=$C$7, MAX(0, $C$4-I25)))) -> #DIV/0! | K80: =MAX((_xlfn.IFS(K$71>$C$7, 0, K$71<$C$7, $H$11*($C$12*L79+(1-$C$12)*L81), K$71=$C$7, MAX(0, $C$4-K25)))) -> #DIV/0!
F81: =MAX((_xlfn.IFS(F$71>$C$7, 0, F$71<$C$7, $C$10*($C$12*G80+(1-$C$12)*G82), F$71=$C$7, MAX(0, $C$4-F26)))) -> #DIV/0! | H81: =MAX((_xlfn.IFS(H$71>$C$7, 0, H$71<$C$7, $C$10*($C$12*I80+(1-$C$12)*I82), H$71=$C$7, MAX(0, $C$4-H26)))) -> #DIV/0! | J81: =MAX((_xlfn.IFS(J$71>$C$7, 0, J$71<$C$7, $H$11*($C$12*K80+(1-$C$12)*K82), J$71=$C$7, MAX(0, $C$4-J26)))) -> #DIV/0! | L81: =MAX((_xlfn.IFS(L$71>$C$7, 0, L$71<$C$7, $H$11*($C$12*M80+(1-$C$12)*M82), L$71=$C$7, MAX(0, $C$4-L26)))) -> #DIV/0!
E82: =MAX((_xlfn.IFS(E$71>$C$7, 0, E$71<$C$7, $H$11*($C$12*F81+(1-$C$12)*F83), E$71=$C$7, MAX(0, $C$4-E27)))) -> #DIV/0! | G82: =MAX((_xlfn.IFS(G$71>$C$7, 0, G$71<$C$7, $C$10*($C$12*H81+(1-$C$12)*H83), G$71=$C$7, MAX(0, $C$4-G27)))) -> #DIV/0! | I82: =MAX((_xlfn.IFS(I$71>$C$7, 0, I$71<$C$7, $C$10*($C$12*J81+(1-$C$12)*J83), I$71=$C$7, MAX(0, $C$4-I27)))) -> #DIV/0! | K82: =MAX((_xlfn.IFS(K$71>$C$7, 0, K$71<$C$7, $H$11*($C$12*L81+(1-$C$12)*L83), K$71=$C$7, MAX(0, $C$4-K27)))) -> #DIV/0!
D83: =MAX((_xlfn.IFS(D$71>$C$7, 0, D$71<$C$7, $H$11*($C$12*E82+(1-$C$12)*E84), D$71=$C$7, MAX(0, $C$4-D28)))) -> #DIV/0! | F83: =MAX((_xlfn.IFS(F$71>$C$7, 0, F$71<$C$7, $H$11*($C$12*G82+(1-$C$12)*G84), F$71=$C$7, MAX(0, $C$4-F28)))) -> #DIV/0! | H83: =MAX((_xlfn.IFS(H$71>$C$7, 0, H$71<$C$7, $C$10*($C$12*I82+(1-$C$12)*I84), H$71=$C$7, MAX(0, $C$4-H28)))) -> #DIV/0! | J83: =MAX((_xlfn.IFS(J$71>$C$7, 0, J$71<$C$7, $H$11*($C$12*K82+(1-$C$12)*K84), J$71=$C$7, MAX(0, $C$4-J28)))) -> #DIV/0! | L83: =MAX((_xlfn.IFS(L$71>$C$7, 0, L$71<$C$7, $H$11*($C$12*M82+(1-$C$12)*M84), L$71=$C$7, MAX(0, $C$4-L28)))) -> #DIV/0!
C84: =MAX((_xlfn.IFS(C$71>$C$7, 0, C$71<$C$7, $H$11*($C$12*D83+(1-$C$12)*D85), C$71=$C$7, MAX(0, $C$4-C29)))) -> #DIV/0! | E84: =MAX((_xlfn.IFS(E$71>$C$7, 0, E$71<$C$7, $H$11*($C$12*F83+(1-$C$12)*F85), E$71=$C$7, MAX(0, $C$4-E29)))) -> #DIV/0! | G84: =MAX((_xlfn.IFS(G$71>$C$7, 0, G$71<$C$7, $H$11*($C$12*H83+(1-$C$12)*H85), G$71=$C$7, MAX(0, $C$4-G29)))) -> #DIV/0! | I84: =MAX((_xlfn.IFS(I$71>$C$7, 0, I$71<$C$7, $C$10*($C$12*J83+(1-$C$12)*J85), I$71=$C$7, MAX(0, $C$4-I29)))) -> #DIV/0! | K84: =MAX((_xlfn.IFS(K$71>$C$7, 0, K$71<$C$7, $H$11*($C$12*L83+(1-$C$12)*L85), K$71=$C$7, MAX(0, $C$4-K29)))) -> #DIV/0!
B85: =MAX((_xlfn.IFS(B$71>$C$7, 0, B$71<$C$7, $H$11*($C$12*C84+(1-$C$12)*C86), B$71=$C$7, MAX(0, $C$4-B30)))) -> #DIV/0! | D85: =MAX((_xlfn.IFS(D$71>$C$7, 0, D$71<$C$7, $H$11*($C$12*E84+(1-$C$12)*E86), D$71=$C$7, MAX(0, $C$4-D30)))) -> #DIV/0! | F85: =MAX((_xlfn.IFS(F$71>$C$7, 0, F$71<$C$7, $H$11*($C$12*G84+(1-$C$12)*G86), F$71=$C$7, MAX(0, $C$4-F30)))) -> #DIV/0! | H85: =MAX((_xlfn.IFS(H$71>$C$7, 0, H$71<$C$7, $H$11*($C$12*I84+(1-$C$12)*I86), H$71=$C$7, MAX(0, $C$4-H30)))) -> #DIV/0! | J85: =MAX((_xlfn.IFS(J$71>$C$7, 0, J$71<$C$7, $H$11*($C$12*K84+(1-$C$12)*K86), J$71=$C$7, MAX(0, $C$4-J30)))) -> #DIV/0! | L85: =MAX((_xlfn.IFS(L$71>$C$7, 0, L$71<$C$7, $H$11*($C$12*M84+(1-$C$12)*M86), L$71=$C$7, MAX(0, $C$4-L30)))) -> #DIV/0!
C86: =MAX((_xlfn.IFS(C$71>$C$7, 0, C$71<$C$7, $H$11*($C$12*D85+(1-$C$12)*D87), C$71=$C$7, MAX(0, $C$4-C31)))) -> #DIV/0! | E86: =MAX((_xlfn.IFS(E$71>$C$7, 0, E$71<$C$7, $H$11*($C$12*F85+(1-$C$12)*F87), E$71=$C$7, MAX(0, $C$4-E31)))) -> #DIV/0! | G86: =MAX((_xlfn.IFS(G$71>$C$7, 0, G$71<$C$7, $H$11*($C$12*H85+(1-$C$12)*H87), G$71=$C$7, MAX(0, $C$4-G31)))) -> #DIV/0! | I86: =MAX((_xlfn.IFS(I$71>$C$7, 0, I$71<$C$7, $H$11*($C$12*J85+(1-$C$12)*J87), I$71=$C$7, MAX(0, $C$4-I31)))) -> #DIV/0! | K86: =MAX((_xlfn.IFS(K$71>$C$7, 0, K$71<$C$7, $H$11*($C$12*L85+(1-$C$12)*L87), K$71=$C$7, MAX(0, $C$4-K31)))) -> #DIV/0!
D87: =MAX((_xlfn.IFS(D$71>$C$7, 0, D$71<$C$7, $H$11*($C$12*E86+(1-$C$12)*E88), D$71=$C$7, MAX(0, $C$4-D32)))) -> #DIV/0! | F87: =MAX((_xlfn.IFS(F$71>$C$7, 0, F$71<$C$7, $H$11*($C$12*G86+(1-$C$12)*G88), F$71=$C$7, MAX(0, $C$4-F32)))) -> #DIV/0! | H87: =MAX((_xlfn.IFS(H$71>$C$7, 0, H$71<$C$7, $H$11*($C$12*I86+(1-$C$12)*I88), H$71=$C$7, MAX(0, $C$4-H32)))) -> #DIV/0! | J87: =MAX((_xlfn.IFS(J$71>$C$7, 0, J$71<$C$7, $H$11*($C$12*K86+(1-$C$12)*K88), J$71=$C$7, MAX(0, $C$4-J32)))) -> #DIV/0! | L87: =MAX((_xlfn.IFS(L$71>$C$7, 0, L$71<$C$7, $H$11*($C$12*M86+(1-$C$12)*M88), L$71=$C$7, MAX(0, $C$4-L32)))) -> #DIV/0!
E88: =MAX((_xlfn.IFS(E$71>$C$7, 0, E$71<$C$7, $H$11*($C$12*F87+(1-$C$12)*F89), E$71=$C$7, MAX(0, $C$4-E33)))) -> #DIV/0! | G88: =MAX((_xlfn.IFS(G$71>$C$7, 0, G$71<$C$7, $H$11*($C$12*H87+(1-$C$12)*H89), G$71=$C$7, MAX(0, $C$4-G33)))) -> #DIV/0! | I88: =MAX((_xlfn.IFS(I$71>$C$7, 0, I$71<$C$7, $H$11*($C$12*J87+(1-$C$12)*J89), I$71=$C$7, MAX(0, $C$4-I33)))) -> #DIV/0! | K88: =MAX((_xlfn.IFS(K$71>$C$7, 0, K$71<$C$7, $H$11*($C$12*L87+(1-$C$12)*L89), K$71=$C$7, MAX(0, $C$4-K33)))) -> #DIV/0!
F89: =MAX((_xlfn.IFS(F$71>$C$7, 0, F$71<$C$7, $H$11*($C$12*G88+(1-$C$12)*G90), F$71=$C$7, MAX(0, $C$4-F34)))) -> #DIV/0! | H89: =MAX((_xlfn.IFS(H$71>$C$7, 0, H$71<$C$7, $H$11*($C$12*I88+(1-$C$12)*I90), H$71=$C$7, MAX(0, $C$4-H34)))) -> #DIV/0! | J89: =MAX((_xlfn.IFS(J$71>$C$7, 0, J$71<$C$7, $H$11*($C$12*K88+(1-$C$12)*K90), J$71=$C$7, MAX(0, $C$4-J34)))) -> #DIV/0! | L89: =MAX((_xlfn.IFS(L$71>$C$7, 0, L$71<$C$7, $H$11*($C$12*M88+(1-$C$12)*M90), L$71=$C$7, MAX(0, $C$4-L34)))) -> #DIV/0!
G90: =MAX((_xlfn.IFS(G$71>$C$7, 0, G$71<$C$7, $H$11*($C$12*H89+(1-$C$12)*H91), G$71=$C$7, MAX(0, $C$4-G35)))) -> #DIV/0! | I90: =MAX((_xlfn.IFS(I$71>$C$7, 0, I$71<$C$7, $H$11*($C$12*J89+(1-$C$12)*J91), I$71=$C$7, MAX(0, $C$4-I35)))) -> #DIV/0! | K90: =MAX((_xlfn.IFS(K$71>$C$7, 0, K$71<$C$7, $H$11*($C$12*L89+(1-$C$12)*L91), K$71=$C$7, MAX(0, $C$4-K35)))) -> #DIV/0!
H91: =MAX((_xlfn.IFS(H$71>$C$7, 0, H$71<$C$7, $H$11*($C$12*I90+(1-$C$12)*I92), H$71=$C$7, MAX(0, $C$4-H36)))) -> #DIV/0! | J91: =MAX((_xlfn.IFS(J$71>$C$7, 0, J$71<$C$7, $H$11*($C$12*K90+(1-$C$12)*K92), J$71=$C$7, MAX(0, $C$4-J36)))) -> #DIV/0! | L91: =MAX((_xlfn.IFS(L$71>$C$7, 0, L$71<$C$7, $H$11*($C$12*M90+(1-$C$12)*M92), L$71=$C$7, MAX(0, $C$4-L36)))) -> #DIV/0!
I92: =MAX((_xlfn.IFS(I$71>$C$7, 0, I$71<$C$7, $H$11*($C$12*J91+(1-$C$12)*J93), I$71=$C$7, MAX(0, $C$4-I37)))) -> #DIV/0! | K92: =MAX((_xlfn.IFS(K$71>$C$7, 0, K$71<$C$7, $H$11*($C$12*L91+(1-$C$12)*L93), K$71=$C$7, MAX(0, $C$4-K37)))) -> #DIV/0!
J93: =MAX((_xlfn.IFS(J$71>$C$7, 0, J$71<$C$7, $H$11*($C$12*K92+(1-$C$12)*K94), J$71=$C$7, MAX(0, $C$4-J38)))) -> #DIV/0! | L93: =MAX((_xlfn.IFS(L$71>$C$7, 0, L$71<$C$7, $H$11*($C$12*M92+(1-$C$12)*M94), L$71=$C$7, MAX(0, $C$4-L38)))) -> #DIV/0!
K94: =MAX((_xlfn.IFS(K$71>$C$7, 0, K$71<$C$7, $H$11*($C$12*L93+(1-$C$12)*L95), K$71=$C$7, MAX(0, $C$4-K39)))) -> #DIV/0!
L95: =MAX((_xlfn.IFS(L$71>$C$7, 0, L$71<$C$7, $H$11*($C$12*M94+(1-$C$12)*M96), L$71=$C$7, MAX(0, $C$4-L40)))) -> #DIV/0!
B96: American Call Option
B97: t
B98: 0 | C98: 1 | D98: 2 | E98: 3 | F98: 4 | G98: 5 | H98: 6 | I98: 7 | J98: 8 | K98: 9 | L98: 10
L102: =MAX((_xlfn.IFS(L$98>$C$7, 0, L$98<$C$7, $H$11*($C$12*M101+(1-$C$12)*M103), L$98=$C$7, MAX(0, L20-$C$4)))) -> #DIV/0!
K103: =MAX((_xlfn.IFS(K$98>$C$7, 0, K$98<$C$7, $H$11*($C$12*L102+(1-$C$12)*L104), K$98=$C$7, MAX(0, K21-$C$4)))) -> #DIV/0!
J104: =MAX((_xlfn.IFS(J$98>$C$7, 0, J$98<$C$7, $H$11*($C$12*K103+(1-$C$12)*K105), J$98=$C$7, MAX(0, J22-$C$4)))) -> #DIV/0! | L104: =MAX((_xlfn.IFS(L$98>$C$7, 0, L$98<$C$7, $H$11*($C$12*M103+(1-$C$12)*M105), L$98=$C$7, MAX(0, L22-$C$4)))) -> #DIV/0!
I105: =MAX((_xlfn.IFS(I$98>$C$7, 0, I$98<$C$7, $H$11*($C$12*J104+(1-$C$12)*J106), I$98=$C$7, MAX(0, I23-$C$4)))) -> #DIV/0! | K105: =MAX((_xlfn.IFS(K$98>$C$7, 0, K$98<$C$7, $H$11*($C$12*L104+(1-$C$12)*L106), K$98=$C$7, MAX(0, K23-$C$4)))) -> #DIV/0!
H106: =MAX((_xlfn.IFS(H$98>$C$7, 0, H$98<$C$7, $H$11*($C$12*I105+(1-$C$12)*I107), H$98=$C$7, MAX(0, H24-$C$4)))) -> #DIV/0! | J106: =MAX((_xlfn.IFS(J$98>$C$7, 0, J$98<$C$7, $H$11*($C$12*K105+(1-$C$12)*K107), J$98=$C$7, MAX(0, J24-$C$4)))) -> #DIV/0! | L106: =MAX((_xlfn.IFS(L$98>$C$7, 0, L$98<$C$7, $H$11*($C$12*M105+(1-$C$12)*M107), L$98=$C$7, MAX(0, L24-$C$4)))) -> #DIV/0!
G107: =MAX((_xlfn.IFS(G$98>$C$7, 0, G$98<$C$7, $H$11*($C$12*H106+(1-$C$12)*H108), G$98=$C$7, MAX(0, G25-$C$4)))) -> #DIV/0! | I107: =MAX((_xlfn.IFS(I$98>$C$7, 0, I$98<$C$7, $H$11*($C$12*J106+(1-$C$12)*J108), I$98=$C$7, MAX(0, I25-$C$4)))) -> #DIV/0! | K107: =MAX((_xlfn.IFS(K$98>$C$7, 0, K$98<$C$7, $H$11*($C$12*L106+(1-$C$12)*L108), K$98=$C$7, MAX(0, K25-$C$4)))) -> #DIV/0!
F108: =MAX((_xlfn.IFS(F$98>$C$7, 0, F$98<$C$7, $H$11*($C$12*G107+(1-$C$12)*G109), F$98=$C$7, MAX(0, F26-$C$4)))) -> #DIV/0! | H108: =MAX((_xlfn.IFS(H$98>$C$7, 0, H$98<$C$7, $H$11*($C$12*I107+(1-$C$12)*I109), H$98=$C$7, MAX(0, H26-$C$4)))) -> #DIV/0! | J108: =MAX((_xlfn.IFS(J$98>$C$7, 0, J$98<$C$7, $H$11*($C$12*K107+(1-$C$12)*K109), J$98=$C$7, MAX(0, J26-$C$4)))) -> #DIV/0! | L108: =MAX((_xlfn.IFS(L$98>$C$7, 0, L$98<$C$7, $H$11*($C$12*M107+(1-$C$12)*M109), L$98=$C$7, MAX(0, L26-$C$4)))) -> #DIV/0!
E109: =MAX((_xlfn.IFS(E$98>$C$7, 0, E$98<$C$7, $H$11*($C$12*F108+(1-$C$12)*F110), E$98=$C$7, MAX(0, E27-$C$4)))) -> #DIV/0! | G109: =MAX((_xlfn.IFS(G$98>$C$7, 0, G$98<$C$7, $H$11*($C$12*H108+(1-$C$12)*H110), G$98=$C$7, MAX(0, G27-$C$4)))) -> #DIV/0! | I109: =MAX((_xlfn.IFS(I$98>$C$7, 0, I$98<$C$7, $H$11*($C$12*J108+(1-$C$12)*J110), I$98=$C$7, MAX(0, I27-$C$4)))) -> #DIV/0! | K109: =MAX((_xlfn.IFS(K$98>$C$7, 0, K$98<$C$7, $H$11*($C$12*L108+(1-$C$12)*L110), K$98=$C$7, MAX(0, K27-$C$4)))) -> #DIV/0!
D110: =MAX((_xlfn.IFS(D$98>$C$7, 0, D$98<$C$7, $H$11*($C$12*E109+(1-$C$12)*E111), D$98=$C$7, MAX(0, D28-$C$4)))) -> #DIV/0! | F110: =MAX((_xlfn.IFS(F$98>$C$7, 0, F$98<$C$7, $H$11*($C$12*G109+(1-$C$12)*G111), F$98=$C$7, MAX(0, F28-$C$4)))) -> #DIV/0! | H110: =MAX((_xlfn.IFS(H$98>$C$7, 0, H$98<$C$7, $H$11*($C$12*I109+(1-$C$12)*I111), H$98=$C$7, MAX(0, H28-$C$4)))) -> #DIV/0! | J110: =MAX((_xlfn.IFS(J$98>$C$7, 0, J$98<$C$7, $H$11*($C$12*K109+(1-$C$12)*K111), J$98=$C$7, MAX(0, J28-$C$4)))) -> #DIV/0! | L110: =MAX((_xlfn.IFS(L$98>$C$7, 0, L$98<$C$7, $H$11*($C$12*M109+(1-$C$12)*M111), L$98=$C$7, MAX(0, L28-$C$4)))) -> #DIV/0!
C111: =MAX((_xlfn.IFS(C$98>$C$7, 0, C$98<$C$7, $H$11*($C$12*D110+(1-$C$12)*D112), C$98=$C$7, MAX(0, C29-$C$4)))) -> #DIV/0! | E111: =MAX((_xlfn.IFS(E$98>$C$7, 0, E$98<$C$7, $H$11*($C$12*F110+(1-$C$12)*F112), E$98=$C$7, MAX(0, E29-$C$4)))) -> #DIV/0! | G111: =MAX((_xlfn.IFS(G$98>$C$7, 0, G$98<$C$7, $H$11*($C$12*H110+(1-$C$12)*H112), G$98=$C$7, MAX(0, G29-$C$4)))) -> #DIV/0! | I111: =MAX((_xlfn.IFS(I$98>$C$7, 0, I$98<$C$7, $H$11*($C$12*J110+(1-$C$12)*J112), I$98=$C$7, MAX(0, I29-$C$4)))) -> #DIV/0! | K111: =MAX((_xlfn.IFS(K$98>$C$7, 0, K$98<$C$7, $H$11*($C$12*L110+(1-$C$12)*L112), K$98=$C$7, MAX(0, K29-$C$4)))) -> #DIV/0!
B112: =MAX((_xlfn.IFS(B$98>$C$7, 0, B$98<$C$7, $H$11*($C$12*C111+(1-$C$12)*C113), B$98=$C$7, MAX(0, B30-$C$4)))) -> #DIV/0! | D112: =MAX((_xlfn.IFS(D$98>$C$7, 0, D$98<$C$7, $H$11*($C$12*E111+(1-$C$12)*E113), D$98=$C$7, MAX(0, D30-$C$4)))) -> #DIV/0! | F112: =MAX((_xlfn.IFS(F$98>$C$7, 0, F$98<$C$7, $H$11*($C$12*G111+(1-$C$12)*G113), F$98=$C$7, MAX(0, F30-$C$4)))) -> #DIV/0! | H112: =MAX((_xlfn.IFS(H$98>$C$7, 0, H$98<$C$7, $H$11*($C$12*I111+(1-$C$12)*I113), H$98=$C$7, MAX(0, H30-$C$4)))) -> #DIV/0! | J112: =MAX((_xlfn.IFS(J$98>$C$7, 0, J$98<$C$7, $H$11*($C$12*K111+(1-$C$12)*K113), J$98=$C$7, MAX(0, J30-$C$4)))) -> #DIV/0! | L112: =MAX((_xlfn.IFS(L$98>$C$7, 0, L$98<$C$7, $H$11*($C$12*M111+(1-$C$12)*M113), L$98=$C$7, MAX(0, L30-$C$4)))) -> #DIV/0!
C113: =MAX((_xlfn.IFS(C$98>$C$7, 0, C$98<$C$7, $H$11*($C$12*D112+(1-$C$12)*D114), C$98=$C$7, MAX(0, C31-$C$4)))) -> #DIV/0! | E113: =MAX((_xlfn.IFS(E$98>$C$7, 0, E$98<$C$7, $H$11*($C$12*F112+(1-$C$12)*F114), E$98=$C$7, MAX(0, E31-$C$4)))) -> #DIV/0! | G113: =MAX((_xlfn.IFS(G$98>$C$7, 0, G$98<$C$7, $H$11*($C$12*H112+(1-$C$12)*H114), G$98=$C$7, MAX(0, G31-$C$4)))) -> #DIV/0! | I113: =MAX((_xlfn.IFS(I$98>$C$7, 0, I$98<$C$7, $H$11*($C$12*J112+(1-$C$12)*J114), I$98=$C$7, MAX(0, I31-$C$4)))) -> #DIV/0! | K113: =MAX((_xlfn.IFS(K$98>$C$7, 0, K$98<$C$7, $H$11*($C$12*L112+(1-$C$12)*L114), K$98=$C$7, MAX(0, K31-$C$4)))) -> #DIV/0!
D114: =MAX((_xlfn.IFS(D$98>$C$7, 0, D$98<$C$7, $H$11*($C$12*E113+(1-$C$12)*E115), D$98=$C$7, MAX(0, D32-$C$4)))) -> #DIV/0! | F114: =MAX((_xlfn.IFS(F$98>$C$7, 0, F$98<$C$7, $H$11*($C$12*G113+(1-$C$12)*G115), F$98=$C$7, MAX(0, F32-$C$4)))) -> #DIV/0! | H114: =MAX((_xlfn.IFS(H$98>$C$7, 0, H$98<$C$7, $H$11*($C$12*I113+(1-$C$12)*I115), H$98=$C$7, MAX(0, H32-$C$4)))) -> #DIV/0! | J114: =MAX((_xlfn.IFS(J$98>$C$7, 0, J$98<$C$7, $H$11*($C$12*K113+(1-$C$12)*K115), J$98=$C$7, MAX(0, J32-$C$4)))) -> #DIV/0! | L114: =MAX((_xlfn.IFS(L$98>$C$7, 0, L$98<$C$7, $H$11*($C$12*M113+(1-$C$12)*M115), L$98=$C$7, MAX(0, L32-$C$4)))) -> #DIV/0!
...

Sheet Single-Step Model
B2: Variables | C2: Inputs
B3: S_0 | C3: =Data!C66 -> 0
B4: X | C4: 42 | H4: =G6*C8 -> #DIV/0! | M4: =MAX(H4-$C$4, 0) -> #DIV/0! | R4: =MAX($C$4-H4, 0) -> #DIV/0!
B5: σ | C5: =Data!G4 -> #DIV/0! | F5: Stock U | K5: Call Max | P5: Put Max
B6: Dt | C6: =0.75 -> 0.75 | E6: Stock Value TD | G6: =C3 -> 0 | J6: Call Value Premium | L6: =((C10*M4) + ((1-C10)*M8))/((1+C7)^C6) -> #DIV/0! | O6: Put Value Premium | Q6: =(($C$10*R4) + ((1-$C$10)*R8))/((1+$C$7)^$C$6) -> #DIV/0!
B7: rF | C7: 0.0404 | F7: Stock D | K7: Call Min | P7: Put Min
B8: U | C8: =EXP(C5*SQRT(C6)) -> #DIV/0! | H8: =G6*C9 -> #DIV/0! | M8: =MAX(H8-$C$4, 0) -> #DIV/0! | R8: =MAX($C$4-H8, 0) -> #DIV/0!
B9: D | C9: =1/C8 -> #DIV/0!
B10: P | C10: =(((1+C7)^C6) - C9) / (C8 - C9) -> #DIV/0!
B13: Put-Call Parity
B14: Bundle A | C14: =(L6+C4)/((1+C7)^C6) -> #DIV/0!
B15: Bundle B | C15: =Q6+C3 -> #DIV/0!
B16: Difference | C16: =C14-C15 -> #DIV/0!

Sheet Two-Step Model
B2: Variables | C2: Inputs | E2: Put-Call Parity
B3: S_0 | C3: =Data!C66 -> 0 | E3: Bundle A | F3: =B25+C4/(1+C7)^C6 -> #DIV/0!
B4: X | C4: 375 | E4: Bundle B | F4: =B33+C3 -> #DIV/0!
B5: σ | C5: =Data!G4 -> #DIV/0! | E5: Difference | F5: =F3-F4 -> #DIV/0!
B6: Dt | C6: =0.75 -> 0.75
B7: rF | C7: 0.0404
B8: U | C8: =EXP(C5*SQRT(C6)) -> #DIV/0!
B9: D | C9: =1/C8 -> #DIV/0!
B10: P | C10: =(((1+C7)^C6) - C9) / (C8 - C9) -> #DIV/0!
B14: Stock
D15: =C16*C8 -> #DIV/0!
C16: =B17*C8 -> #DIV/0!
B17: =C3 -> 0 | D17: =C16*C9 -> #DIV/0!
C18: =B17*C9 -> #DIV/0!
D19: =C18*C9 -> #DIV/0!
B22: Call
D23: =MAX(D15-$C$4, 0) -> #DIV/0!
C24: =(($C$10*D23)+((1-$C$10)*D25))/((1+$C$7)^$C$6) -> #DIV/0!
B25: =(($C$10*C24)+((1-$C$10)*C26))/((1+$C$7)^$C$6) -> #DIV/0! | D25: =MAX(D17-$C$4, 0) -> #DIV/0!
C26: =((C10*D25)+((1-C10)*D27))/(1+C7)^C6 -> #DIV/0!
D27: =MAX(D19-$C$4, 0) -> #DIV/0!
B30: Put
D31: =MAX($C$4-D15, 0) -> #DIV/0!
C32: =((D31*$C$10)+((1-$C$10)*D33))/((1+$C$7)^$C$6) -> #DIV/0!
B33: =((C32*$C$10)+((1-$C$10)*C34))/((1+$C$7)^$C$6) -> #DIV/0! | D33: =MAX($C$4-D17, 0) -> #DIV/0!
C34: =((D33*$C$10)+((1-$C$10)*D35))/((1+$C$7)^$C$6) -> #DIV/0!
D35: =MAX($C$4-D19, 0) -> #DIV/0!
